"case_id,docket_id,issues_id,vote_id,date_decision,decision_type,us_citation,court_citation,led_citation,lexis_citation,term,court,chief_justice,docket,case_name,date_argument,date_reargument,petitioner,petitioner_state,respondent"
"1946-001,1946-001-01,1946-001-01-01,1946-001-01-01-01,11/18/1946,1,329 U.S. 1,67 S. Ct. 6,91 L. Ed. 3,1946 U.S. LEXIS 1724,1946,1301,Vinson,24,""HALLIBURTON OIL WELL CEMENTING CO. v. WALKER et al., DOING BUSINESS AS DEPTHOGRAPH CO."",9/1/1946,10/23/1946,198,,172"
"1946-002,1946-002-01,1946-002-01-01,1946-002-01-01-01,11/18/1946,1,329 U.S. 14,67 S. Ct. 13,91 L. Ed. 12,1946 U.S. LEXIS 1725,1946,1301,Vinson,12,CLEVELAND v. UNITED STATES,10/10/1945,10/17/1946,100,,27"
"1946-003,1946-003-01,1946-003-01-01,1946-003-01-01-01,11/18/1946,1,329 U.S. 29,67 S. Ct. 1,91 L. Ed. 22,1946 U.S. LEXIS 3037,1946,1301,Vinson,21,CHAMPLIN REFINING CO. v. UNITED STATES ET AL.,8/11/1945,10/18/1946,209,,27"
"1946-004,1946-004-01,1946-004-01-01,1946-004-01-01-01,11/25/2020,7,329 U.S. 40,67 S. Ct. 167,91 L. Ed. 29,1946 U.S. LEXIS 1696,1946,1301,Vinson,26,UNITED STATES v. ALCEA BAND OF TILLAMOOKS ET AL.,1/31/1946,10/25/1946,27,,170"
"1946-005,1946-005-01,1946-005-01-01,1946-005-01-01-01,11/25/1946,1,329 U.S. 64,67 S. Ct. 154,91 L. Ed. 44,1946 U.S. LEXIS 2997,1946,1301,Vinson,50,""UNITED STATES v. HOWARD P. FOLEY CO., INC."",10/25/1946,,27,,176"
"1946-006,1946-006-01,1946-006-01-01,1946-006-01-01-01,11/25/1946,1,329 U.S. 69,67 S. Ct. 156,91 L. Ed. 80,1946 U.S. LEXIS 3005,1946,1301,Vinson,46,RICHFIELD OIL CORP. v. STATE BOARD OF EQUALIZATION,10/24/1946,,198,,4"
"1946-007,1946-007-01,1946-007-01-01,1946-007-01-01-01,11/25/1946,1,329 U.S. 90,67 S. Ct. 133,91 L. Ed. 103,1946 U.S. LEXIS 3053,1946,1301,Vinson,4,AMERICAN POWER & LIGHT CO. v. SECURITIES & EXCHANGE COMMISSION,11/16/1945,10/14/1946,148,,405"
"1946-008,1946-008-01,1946-008-01-01,1946-008-01-01-01,9/12/1946,1,329 U.S. 129,67 S. Ct. 231,91 L. Ed. 128,1946 U.S. LEXIS 2995,1946,1301,Vinson,11,ALMA MOTOR CO. v. TIMKEN-DETROIT AXLE CO. ET AL.,4/25/1946,10/24/1946,189,,189"
"1946-009,1946-009-01,1946-009-01-01,1946-009-01-01-01,9/12/1946,1,329 U.S. 143,67 S. Ct. 245,91 L. Ed. 136,1946 U.S. LEXIS 3047,1946,1301,Vinson,25,UNEMPLOYMENT COMPENSATION COMMISSION OF ALASKA ET AL. v. ARAGON ET AL.,2/27/1946,11/13/1946,4,2,248"
"1946-010,1946-010-01,1946-010-01-01,1946-010-01-01-01,9/12/1946,1,329 U.S. 156,67 S. Ct. 237,91 L. Ed. 162,1946 U.S. LEXIS 3048,1946,1301,Vinson,42,VANSTON BONDHOLDERS PROTECTIVE COMMITTEE v. GREEN ET AL.,10/22/1946,,135,,114"
"1946-011,1946-011-01,1946-011-01-01,1946-011-01-01-01,9/12/1946,1,329 U.S. 173,67 S. Ct. 216,91 L. Ed. 172,1946 U.S. LEXIS 1657,1946,1301,Vinson,36,CARTER v. ILLINOIS,11/15/1946,,126,,28"
"1946-012,1946-012-01,1946-012-01-01,1946-012-01-01-01,9/12/1946,1,329 U.S. 187,67 S. Ct. 261,91 L. Ed. 181,1946 U.S. LEXIS 1658,1946,1301,Vinson,37,BALLARD ET AL. v. UNITED STATES,10/15/1946,,100,,27"
"1946-013,1946-013-01,1946-013-01-01,1946-013-01-01-01,9/12/1946,1,329 U.S. 207,67 S. Ct. 211,91 L. Ed. 193,1946 U.S. LEXIS 1659,1946,1301,Vinson,67,UNITED STATES v. BRUNO,11/22/1946,,27,,137"
"1946-014,1946-014-01,1946-014-01-01,1946-014-01-01-01,9/12/1946,1,329 U.S. 211,67 S. Ct. 224,91 L. Ed. 196,1946 U.S. LEXIS 1660,1946,1301,Vinson,51,FISWICK ET AL. v. UNITED STATES,11/19/1946,,106,,27"
"1946-015,1946-015-01,1946-015-01-01,1946-015-01-01-01,9/12/1946,1,329 U.S. 223,67 S. Ct. 213,91 L. Ed. 204,1946 U.S. LEXIS 3147,1946,1301,Vinson,65,""FEDERAL COMMUNICATIONS COMMISSION v. WOKO, INC."",11/22/1946,,338,,221"
"1946-016,1946-016-01,1946-016-01-01,1946-016-01-01-01,9/12/1946,1,329 U.S. 230,67 S. Ct. 252,91 L. Ed. 209,1946 U.S. LEXIS 2996,1946,1301,Vinson,40,UNITED STATES v. CARMACK,10/18/1946,,27,,166"
"1946-017,1946-017-01,1946-017-01-01,1946-017-01-01-01,12/16/1946,1,329 U.S. 249,67 S. Ct. 274,91 L. Ed. 265,1946 U.S. LEXIS 1616,1946,1301,Vinson,3,""FREEMAN, TRUSTEE, v. HEWIT, DIRECTOR OF GROSS INCOME TAX DIVISION"",8/10/1944,10/14/1946,102,,19"
"1946-018,1946-018-01,1946-018-01-01,1946-018-01-01-01,12/16/1946,1,329 U.S. 287,67 S. Ct. 207,91 L. Ed. 290,1946 U.S. LEXIS 1617,1946,1301,Vinson,54,""UNITED STATES v. RUZICKA ET AL., TRADING AS SEELEY DAIRY"",11/20/1946,,27,,158"
"1946-019,1946-019-01,1946-019-01-01,1946-019-01-01-01,12/16/1946,1,329 U.S. 296,67 S. Ct. 271,91 L. Ed. 296,1946 U.S. LEXIS 3145,1946,1301,Vinson,48,""ROTHENSIES, COLLECTOR OF INTERNAL REVENUE, v. ELECTRIC STORAGE BATTERY CO."",11/15/1946,,369,,240"
"1946-020,1946-020-01,1946-020-01-01,1946-020-01-01-01,12/23/1946,1,329 U.S. 304,67 S. Ct. 313,91 L. Ed. 308,1946 U.S. LEXIS 1582,1946,1301,Vinson,59,""EAGLES, POST COMMANDING OFFICER, v. UNITED STATES EX REL. SAMUELS"",11/21/1946,,306,,142"
"1946-021,1946-021-01,1946-021-01-01,1946-021-01-01-01,12/23/1946,1,329 U.S. 317,67 S. Ct. 320,91 L. Ed. 318,1946 U.S. LEXIS 1583,1946,1301,Vinson,58,""EAGLES, POST COMMANDING OFFICER, v. UNITED STATES EX REL. HOROWITZ"",11/21/1946,,306,,142"
"1946-022,1946-022-01,1946-022-01-01,1946-022-01-01-01,12/23/1946,1,329 U.S. 324,67 S. Ct. 324,91 L. Ed. 322,1946 U.S. LEXIS 3044,1946,1301,Vinson,60,NATIONAL LABOR RELATIONS BOARD v. A. J. TOWER CO.,11/21/1946,,382,,151"
"1946-023,1946-023-01,1946-023-01-01,1946-023-01-01-01,12/23/1946,1,329 U.S. 338,67 S. Ct. 301,91 L. Ed. 331,1946 U.S. LEXIS 1584,1946,1301,Vinson,23,GIBSON v. UNITED STATES,2/1/1946,10/23/1946,142,,27"
"1946-024,1946-024-01,1946-024-01-01,1946-024-01-01-01,12/23/1946,1,329 U.S. 362,67 S. Ct. 340,91 L. Ed. 348,1946 U.S. LEXIS 3045,1946,1301,Vinson,35,""ILLINOIS EX REL. GORDON, DIRECTOR OF LABOR, v. CAMPBELL, COLLECTOR OF INTERNAL REVENUE"",3/28/1946,11/19/1946,28,17,369"
"1946-025,1946-025-01,1946-025-01-01,1946-025-01-01-01,12/23/1946,1,329 U.S. 379,67 S. Ct. 332,91 L. Ed. 359,1946 U.S. LEXIS 1585,1946,1301,Vinson,53,UNITED STATES v. SHERIDAN,12/11/1946,,27,,100"
"1946-026,1946-026-01,1946-026-01-01,1946-026-01-01-01,6/1/1947,1,329 U.S. 394,67 S. Ct. 416,91 L. Ed. 374,1947 U.S. LEXIS 3019,1946,1301,Vinson,70,EDWARD KATZINGER CO. v. CHICAGO METALLIC MANUFACTURING CO.,11/14/1946,,172,,177"
"1946-027,1946-027-01,1946-027-01-01,1946-027-01-01-01,6/1/1947,1,329 U.S. 402,67 S. Ct. 421,91 L. Ed. 380,1947 U.S. LEXIS 3020,1946,1301,Vinson,28,MACGREGOR v. WESTINGHOUSE ELECTRIC & MANUFACTURING CO.,12/12/1946,,177,,172"
"1946-028,1946-028-01,1946-028-01-01,1946-028-01-01-01,6/1/1947,1,329 U.S. 416,67 S. Ct. 444,91 L. Ed. 390,1947 U.S. LEXIS 2796,1946,1301,Vinson,75,""INTERNATIONAL HARVESTER CO. v. EVATT, TAX COMMISSIONER"",12/12/1946,,25,41,19"
"1946-029,1946-029-01,1946-029-01-01,1946-029-01-01-01,6/1/1947,1,329 U.S. 424,67 S. Ct. 435,91 L. Ed. 396,1947 U.S. LEXIS 2902,1946,1301,Vinson,61,""UNITED STATES ET AL. v. SEATRAIN LINES, INC."",9/12/1946,,27,,116"
"1946-030,1946-030-01,1946-030-01-01,1946-030-01-01-01,6/1/1947,1,329 U.S. 433,67 S. Ct. 439,91 L. Ed. 402,1947 U.S. LEXIS 2797,1946,1301,Vinson,79,""STEELE v. GENERAL MILLS, INC."",11/18/1946,,245,,234"
"1946-031,1946-031-01,1946-031-01-01,1946-031-01-01-01,6/1/1947,1,329 U.S. 441,67 S. Ct. 411,91 L. Ed. 408,1947 U.S. LEXIS 2883,1946,1301,Vinson,66,BOARD OF GOVERNORS OF THE FEDERAL RESERVE SYSTEM ET AL. v. AGNEW ET AL.,10/12/1946,,354,,119"
"1946-032,1946-032-01,1946-032-01-01,1946-032-01-01-01,1/13/1947,1,329 U.S. 452,67 S. Ct. 401,91 L. Ed. 416,1947 U.S. LEXIS 2776,1946,1301,Vinson,88,""JESIONOWSKI, ADMINISTRATRIX, v. BOSTON & MAINE RAILROAD"",12/16/1946,,145,,231"
"1946-033,1946-033-01,1946-033-01-01,1946-033-01-01-01,1/13/1947,7,329 U.S. 459,67 S. Ct. 374,91 L. Ed. 422,1947 U.S. LEXIS 2777,1946,1301,Vinson,142,""LOUISIANA EX REL. FRANCIS v. RESWEBER, SHERIFF, ET AL."",11/18/1946,,126,,28"
"1946-034,1946-034-01,1946-034-01-01,1946-034-01-01-01,1/13/1947,1,329 U.S. 482,67 S. Ct. 428,91 L. Ed. 436,1947 U.S. LEXIS 2965,1946,1301,Vinson,87,""ANDERSON, RECEIVER, v. YUNGKAU, EXECUTOR, ET AL."",12/19/1946,,166,,237"
"1946-035,1946-035-01,1946-035-01-01,1946-035-01-01-01,1/13/1947,1,329 U.S. 495,67 S. Ct. 385,91 L. Ed. 451,1947 U.S. LEXIS 2966,1946,1301,Vinson,47,""HICKMAN, ADMINISTRATOR, v. TAYLOR ET AL., TRADING AS TAYLOR & ANDERSON TOWING & LIGHTERAGE CO., ET AL."",11/13/1946,,145,,116"
"1946-036,1946-036-01,1946-036-01-01,1946-036-01-01-01,1/13/1947,1,329 U.S. 520,67 S. Ct. 405,91 L. Ed. 471,1947 U.S. LEXIS 2967,1946,1301,Vinson,63,ORDER OF RAILWAY CONDUCTORS OF AMERICA ET AL. v. SWAN ET AL.,10/12/1946,,249,,384"
"1946-037,1946-037-01,1946-037-01-01,1946-037-01-01-01,1/20/1947,1,329 U.S. 531,67 S. Ct. 463,91 L. Ed. 479,1947 U.S. LEXIS 2747,1946,1301,Vinson,80,""PARKER ET AL. v. FLEMING, TEMPORARY CONTROLS ADMINISTRATOR"",12/18/1946,,241,,389"
"1946-038,1946-038-01,1946-038-01-01,1946-038-01-01-01,1/20/1947,1,329 U.S. 539,67 S. Ct. 448,91 L. Ed. 485,1947 U.S. LEXIS 2748,1946,1301,Vinson,229,""PATTERSON, SECRETARY OF WAR, ET AL. v. LAMB"",7/1/1947,,324,,142"
"1946-039,1946-039-01,1946-039-01-01,1946-039-01-01-01,1/20/1947,1,329 U.S. 545,67 S. Ct. 451,91 L. Ed. 488,1947 U.S. LEXIS 2962,1946,1301,Vinson,62,""MORRIS v. JONES, DIRECTOR OF INSURANCE"",9/12/1946,,171,,171"
"1946-040,1946-040-01,1946-040-01-01,1946-040-01-01-01,1/20/1947,1,329 U.S. 565,67 S. Ct. 467,91 L. Ed. 504,1947 U.S. LEXIS 2963,1946,1301,Vinson,92,""GARDNER, TRUSTEE, v. NEW JERSEY"",12/20/1946,,114,,28"
"1946-041,1946-041-01,1946-041-01-01,1946-041-01-01-01,1/20/1947,1,329 U.S. 585,67 S. Ct. 398,91 L. Ed. 521,1947 U.S. LEXIS 2863,1946,1301,Vinson,106,UNITED STATES v. THAYER-WEST POINT HOTEL CO.,12/20/1946,,27,,241"
"1946-042,1946-042-01,1946-042-01-01,1946-042-01-01-01,3/2/1947,1,329 U.S. 591,67 S. Ct. 540,91 L. Ed. 527,1947 U.S. LEXIS 2901,1946,1301,Vinson,97,""KRUG, SECRETARY OF THE INTERIOR, ET AL. v. SANTA FE PACIFIC RAILROAD CO."",6/1/1947,,326,,231"
"1946-043,1946-043-01,1946-043-01-01,1946-043-01-01-01,3/2/1947,1,329 U.S. 599,67 S. Ct. 606,91 L. Ed. 532,1947 U.S. LEXIS 2861,1946,1301,Vinson,148,ALBRECHT ET AL. v. UNITED STATES,8/1/1947,,195,,27"
"1946-044,1946-044-01,1946-044-01-01,1946-044-01-01-01,3/2/1947,1,329 U.S. 607,67 S. Ct. 583,91 L. Ed. 547,1947 U.S. LEXIS 2894,1946,1301,Vinson,690,INSURANCE GROUP COMMITTEE ET AL. v. DENVER & RIO GRANDE WESTERN RAILROAD CO. ET AL.,6/1/1947,,135,,138"
"1946-045,1946-045-01,1946-045-01-01,1946-045-01-01-01,3/2/1947,1,329 U.S. 637,67 S. Ct. 610,91 L. Ed. 563,1947 U.S. LEXIS 3022,1946,1301,Vinson,208,TRANSPARENT-WRAP MACHINE CORP. v. STOKES & SMITH CO.,7/1/1947,,172,,177"
"1946-046,1946-046-01,1946-046-01-01,1946-046-01-01-01,3/2/1947,1,329 U.S. 649,67 S. Ct. 598,91 L. Ed. 572,1947 U.S. LEXIS 2694,1946,1301,Vinson,320,ELLIS v. UNION PACIFIC RAILROAD CO.,1/16/1947,,145,,231"
"1946-047,1946-047-01,1946-047-01-01,1946-047-01-01-01,3/2/1947,1,329 U.S. 654,67 S. Ct. 601,91 L. Ed. 577,1947 U.S. LEXIS 2862,1946,1301,Vinson,94,""UNITED STATES v. N. Y. RAYON IMPORTING CO., INC. (#2) ET AL."",8/1/1947,,27,,234"
"1946-048,1946-048-01,1946-048-01-01,1946-048-01-01-01,3/2/1947,6,329 U.S. 663,67 S. Ct. 596,91 L. Ed. 584,1947 U.S. LEXIS 2695,1946,1301,Vinson,140,De MEERLEER v. MICHIGAN,6/1/1947,,100,,28"
"1946-049,1946-049-01,1946-049-01-01,1946-049-01-01-01,10/2/1947,1,330 U.S. 1,67 S. Ct. 504,91 L. Ed. 711,1947 U.S. LEXIS 2959,1946,1301,Vinson,52,EVERSON v. BOARD OF EDUCATION OF THE TOWNSHIP OF EWING ET AL.,11/20/1946,,25,35,21"
"1946-050,1946-050-01,1946-050-01-01,1946-050-01-01-01,10/2/1947,1,330 U.S. 75,67 S. Ct. 556,91 L. Ed. 754,1947 U.S. LEXIS 2960,1946,1301,Vinson,20,UNITED PUBLIC WORKERS OF AMERICA (C. I. O.) ET AL. v. MITCHELL ET AL.,3/12/1945,10/17/1946,8,60,320"
"1946-051,1946-051-01,1946-051-01-01,1946-051-01-01-01,10/2/1947,1,330 U.S. 127,67 S. Ct. 544,91 L. Ed. 794,1947 U.S. LEXIS 2860,1946,1301,Vinson,84,OKLAHOMA v. UNITED STATES CIVIL SERVICE COMMISSION,10/17/1946,,28,42,320"
"1946-052,1946-052-01,1946-052-01-01,1946-052-01-01-01,2/17/1947,1,330 U.S. 158,67 S. Ct. 644,91 L. Ed. 816,1947 U.S. LEXIS 2958,1946,1301,Vinson,335,""WALLING, WAGE AND HOUR ADMINISTRATOR, v. NASHVILLE, CHATTANOOGA & ST. LOUIS RAILWAY"",1/17/1947,,371,,151"
"1946-053,1946-053-01,1946-053-01-01,1946-053-01-01-01,2/17/1947,1,330 U.S. 160,67 S. Ct. 645,91 L. Ed. 818,1947 U.S. LEXIS 2647,1946,1301,Vinson,190,BOZZA v. UNITED STATES,7/1/1947,,100,,27"
"1946-054,1946-054-01,1946-054-01-01,1946-054-01-01-01,2/17/1947,1,330 U.S. 169,67 S. Ct. 650,91 L. Ed. 823,1947 U.S. LEXIS 2648,1946,1301,Vinson,141,CONFEDERATED BANDS OF UTE INDIANS v. UNITED STATES,1/14/1947,,170,,27"
"1946-055,1946-055-01,1946-055-01-01,1946-055-01-01-01,2/17/1947,1,330 U.S. 183,67 S. Ct. 657,91 L. Ed. 832,1947 U.S. LEXIS 2649,1946,1301,Vinson,31,ANGEL v. BULLINGTON,5/3/1946,11/18/1946,123,,233"
"1946-056,1946-056-01,1946-056-01-01,1946-056-01-01-01,3/3/1947,1,330 U.S. 212,67 S. Ct. 752,91 L. Ed. 849,1947 U.S. LEXIS 2582,1946,1301,Vinson,184,CONE v. WEST VIRGINIA PULP & PAPER CO.,3/2/1947,,195,,243"
"1946-057,1946-057-01,1946-057-01-01,1946-057-01-01-01,3/3/1947,1,330 U.S. 219,67 S. Ct. 756,91 L. Ed. 854,1947 U.S. LEXIS 2955,1946,1301,Vinson,38,NATIONAL LABOR RELATIONS BOARD v. DONNELLY GARMENT CO. ET AL.,10/16/1946,,382,,151"
"1946-058,1946-058-01,1946-058-01-01,1946-058-01-01-01,3/3/1947,1,330 U.S. 238,67 S. Ct. 742,91 L. Ed. 868,1947 U.S. LEXIS 2893,1946,1301,Vinson,56,""UNITED STATES v. POWELL ET AL., RECEIVERS"",1/13/1947,,27,,231"
"1946-059,1946-059-01,1946-059-01-01,1946-059-01-01-01,3/3/1947,1,330 U.S. 248,67 S. Ct. 747,91 L. Ed. 876,1947 U.S. LEXIS 2859,1946,1301,Vinson,400,NORTHERN PACIFIC RAILWAY CO. v. UNITED STATES,1/13/1947,,231,,27"
"1946-060,1946-060-01,1946-060-01-01,1946-060-01-01-01,6/3/1947,1,330 U.S. 258,67 S. Ct. 677,91 L. Ed. 884,1947 U.S. LEXIS 2954,1946,1301,Vinson,759,UNITED STATES v. UNITED MINE WORKERS OF AMERICA,1/14/1947,,27,,249"
"1946-061,1946-061-01,1946-061-01-01,1946-061-01-01-01,10/3/1947,1,330 U.S. 386,67 S. Ct. 810,91 L. Ed. 967,1947 U.S. LEXIS 2950,1946,1301,Vinson,431,TESTA ET AL. v. KATT,2/14/1947,,123,,125"
"1946-062,1946-062-01,1946-062-01-01,1946-062-01-01-01,10/3/1947,1,330 U.S. 395,67 S. Ct. 775,91 L. Ed. 973,1947 U.S. LEXIS 2951,1946,1301,Vinson,6,UNITED BROTHERHOOD OF CARPENTERS AND JOINERS OF AMERICA v. UNITED STATES,8/3/1945,10/15/1946,249,,27"
"1946-063,1946-063-01,1946-063-01-01,1946-063-01-01-01,10/3/1947,1,330 U.S. 422,67 S. Ct. 815,91 L. Ed. 993,1947 U.S. LEXIS 2872,1946,1301,Vinson,29,""JOSEPH, COMPTROLLER, et al. v. CARTER & WEEKES STEVEDORING CO."",1/3/1946,12/11/1946,19,37,25"
"1946-064,1946-064-01,1946-064-01-01,1946-064-01-01-01,10/3/1947,1,330 U.S. 446,67 S. Ct. 847,91 L. Ed. 1011,1947 U.S. LEXIS 2873,1946,1301,Vinson,69,""AMERICAN STEVEDORES, INC. v. PORELLO ET AL."",11/12/1946,,116,,145"
"1946-065,1946-065-01,1946-065-01-01,1946-065-01-01-01,10/3/1947,1,330 U.S. 464,67 S. Ct. 798,91 L. Ed. 1024,1947 U.S. LEXIS 2550,1946,1301,Vinson,432,AETNA CASUALTY & SURETY CO. ET AL. v. FLOWERS,2/13/1947,,171,,145"
"1946-066,1946-066-01,1946-066-01-01,1946-066-01-01-01,10/3/1947,1,330 U.S. 469,67 S. Ct. 801,91 L. Ed. 1028,1947 U.S. LEXIS 2874,1946,1301,Vinson,265,""CARDILLO, DEPUTY COMMISSIONER, UNITED STATES EMPLOYEES' COMPENSATION COMMISSION, v. LIBERTY MUTUAL INSURANCE CO. ET AL."",10/1/1947,,331,,171"
"1946-067,1946-067-01,1946-067-01-01,1946-067-01-01-01,10/3/1947,1,330 U.S. 485,67 S. Ct. 789,91 L. Ed. 1040,1947 U.S. LEXIS 2854,1946,1301,Vinson,658,PACKARD MOTOR CAR CO. v. NATIONAL LABOR RELATIONS BOARD,9/1/1947,,189,,382"
"1946-068,1946-068-01,1946-068-01-01,1946-068-01-01-01,10/3/1947,1,330 U.S. 501,67 S. Ct. 839,91 L. Ed. 1055,1947 U.S. LEXIS 2551,1946,1301,Vinson,93,""GULF OIL CORP. v. GILBERT, DOING BUSINESS AS GILBERT STORAGE & TRANSFER CO."",12/18/1946,,198,,122"
"1946-069,1946-069-01,1946-069-01-01,1946-069-01-01-01,10/3/1947,1,330 U.S. 518,67 S. Ct. 828,91 L. Ed. 1067,1947 U.S. LEXIS 2552,1946,1301,Vinson,206,KOSTER v. (AMERICAN) LUMBERMENS MUTUAL CASUALTY CO.,12/19/1946,,237,,171"
"1946-070,1946-070-01,1946-070-01-01,1946-070-01-01-01,3/17/1947,1,330 U.S. 539,67 S. Ct. 891,91 L. Ed. 1082,1947 U.S. LEXIS 2526,1946,1301,Vinson,417,""UNITED STATES DEPARTMENT OF AGRICULTURE, EMERGENCY CROP AND FEED LOANS v. REMUND, ADMINISTRATOR"",5/2/1947,,304,,102"
"1946-071,1946-071-01,1946-071-01-01,1946-071-01-01-01,3/31/1947,1,330 U.S. 545,67 S. Ct. 883,91 L. Ed. 1088,1947 U.S. LEXIS 2944,1946,1301,Vinson,564,""WALLING, WAGE AND HOUR ADMINISTRATOR, v. GENERAL INDUSTRIES CO."",10/2/1947,,371,,151"
"1946-072,1946-072-01,1946-072-01-01,1946-072-01-01-01,3/31/1947,1,330 U.S. 552,67 S. Ct. 910,91 L. Ed. 1093,1947 U.S. LEXIS 2870,1946,1301,Vinson,291,KOTCH ET AL. v. BOARD OF RIVER PORT PILOT COMMISSIONERS FOR THE PORT OF NEW ORLEANS ET AL.,5/2/1947,,177,,4"
"1946-073,1946-073-01,1946-073-01-01,1946-073-01-01-01,3/31/1947,1,330 U.S. 567,67 S. Ct. 894,91 L. Ed. 1102,1947 U.S. LEXIS 2871,1946,1301,Vinson,72,""INTERSTATE COMMERCE COMMISSION v. MECHLING, DOING BUSINESS AS A. L. MECHLING BARGE LINE, ET AL."",12/2/1947,,366,,116"
"1946-074,1946-074-01,1946-074-01-01,1946-074-01-01-01,3/31/1947,1,330 U.S. 585,67 S. Ct. 918,91 L. Ed. 1117,1947 U.S. LEXIS 2471,1946,1301,Vinson,453,PENFIELD COMPANY OF CALIFORNIA ET AL. v. SECURITIES & EXCHANGE COMMISSION,1/16/1947,,185,,405"
"1946-075,1946-075-01,1946-075-01-01,1946-075-01-01-01,3/31/1947,1,330 U.S. 610,67 S. Ct. 903,91 L. Ed. 1133,1947 U.S. LEXIS 2472,1946,1301,Vinson,384,NEW YORK EX REL. HALVEY v. HALVEY,5/2/1947,,253,,168"
"1946-076,1946-076-01,1946-076-01-01,1946-076-01-01-01,3/31/1947,1,330 U.S. 622,67 S. Ct. 886,91 L. Ed. 1140,1947 U.S. LEXIS 2473,1946,1301,Vinson,270,INDUSTRIAL COMMISSION OF WISCONSIN ET AL. v. McCARTIN ET AL.,1/17/1947,,4,58,151"
"1946-077,1946-077-01,1946-077-01-01,1946-077-01-01-01,3/31/1947,1,330 U.S. 631,67 S. Ct. 874,91 L. Ed. 1145,1947 U.S. LEXIS 2474,1946,1301,Vinson,49,HAUPT v. UNITED STATES,11/21/1946,,100,,27"
"1946-078,1946-078-01,1946-078-01-01,1946-078-01-01-01,3/31/1947,1,330 U.S. 649,67 S. Ct. 931,91 L. Ed. 1158,1947 U.S. LEXIS 2853,1946,1301,Vinson,22,LEVINSON v. SPECTOR MOTOR SERVICE,11/12/1945,10/21/1946,145,,151"
"1946-079,1946-079-01,1946-079-01-01,1946-079-01-01-01,3/31/1947,1,330 U.S. 695,67 S. Ct. 954,91 L. Ed. 1184,1947 U.S. LEXIS 2892,1946,1301,Vinson,41,PYRAMID MOTOR FREIGHT CORP. v. ISPASS ET AL.,10/22/1946,,245,,145"
"1946-080,1946-080-01,1946-080-01-01,1946-080-01-01-01,7/4/1947,1,330 U.S. 709,67 S. Ct. 997,91 L. Ed. 1192,1947 U.S. LEXIS 2438,1946,1301,Vinson,430,""UNITED STATES v. OGILVIE HARDWARE CO., INC."",5/3/1947,,27,,240"
"1946-081,1946-081-01,1946-081-01-01,1946-081-01-01-01,7/4/1947,1,330 U.S. 724,67 S. Ct. 1004,91 L. Ed. 1204,1947 U.S. LEXIS 2439,1946,1301,Vinson,585,UNITED STATES v. LEM HOY,3/14/1947,,27,,100"
"1946-082,1946-082-01,1946-082-01-01,1946-082-01-01-01,7/4/1947,1,330 U.S. 731,67 S. Ct. 1009,91 L. Ed. 1209,1947 U.S. LEXIS 2868,1946,1301,Vinson,207,""LAND, CHAIRMAN, UNITED STATES MARITIME COMMISSION, ET AL. v. DOLLAR ET AL."",11/2/1947,,349,,237"
"1946-083,1946-083-01,1946-083-01-01,1946-083-01-01-01,7/4/1947,1,330 U.S. 743,67 S. Ct. 1015,91 L. Ed. 1219,1947 U.S. LEXIS 2440,1946,1301,Vinson,27,""BRUCE'S JUICES, INC. v. AMERICAN CAN CO."",1/29/1946,11/14/1946,158,,184"
"1946-084,1946-084-01,1946-084-01-01,1946-084-01-01-01,7/4/1947,1,330 U.S. 767,67 S. Ct. 1026,91 L. Ed. 1234,1947 U.S. LEXIS 2943,1946,1301,Vinson,55,BETHLEHEM STEEL CO. ET AL. v. NEW YORK STATE LABOR RELATIONS BOARD,12/14/1946,,151,,4"
"1946-085,1946-085-01,1946-085-01-01,1946-085-01-01-01,4/14/1947,1,331 U.S. 1,67 S. Ct. 1047,91 L. Ed. 1301,1947 U.S. LEXIS 3021,1946,1301,Vinson,68,CRANE v. COMMISSIONER OF INTERNAL REVENUE,11/12/1946,,240,,369"
"1946-086,1946-086-01,1946-086-01-01,1946-086-01-01-01,4/14/1947,1,331 U.S. 17,67 S. Ct. 1056,91 L. Ed. 1312,1947 U.S. LEXIS 2941,1946,1301,Vinson,74,""WALLING, WAGE AND HOUR ADMINISTRATOR, v. HALLIBURTON OIL WELL CEMENTING CO."",7/2/1947,,371,,151"
"1946-087,1946-087-01,1946-087-01-01,1946-087-01-01-01,4/14/1947,1,331 U.S. 28,67 S. Ct. 1041,91 L. Ed. 1320,1947 U.S. LEXIS 2852,1946,1301,Vinson,371,UNITED STATES NATIONAL BANK ET AL. v. CHASE NATIONAL BANK ET AL.,7/2/1947,,135,,135"
"1946-088,1946-088-01,1946-088-01-01,1946-088-01-01-01,4/14/1947,1,331 U.S. 40,67 S. Ct. 982,91 L. Ed. 1328,1947 U.S. LEXIS 2942,1946,1301,Vinson,85,TRAILMOBILE COMPANY ET AL. v. WHIRLS,12/19/1946,,151,,250"
"1946-089,1946-089-01,1946-089-01-01,1946-089-01-01-01,4/14/1947,1,331 U.S. 70,67 S. Ct. 1062,91 L. Ed. 1346,1947 U.S. LEXIS 2880,1946,1301,Vinson,83,""INDEPENDENT WAREHOUSES, INC. ET AL. v. SCHEELE, RECORDER OF THE TOWNSHIP OF SADDLE RIVER, ET AL."",12/16/1946,,122,,3"
"1946-090,1946-090-01,1946-090-01-01,1946-090-01-01-01,4/28/1947,1,331 U.S. 96,67 S. Ct. 1165,91 L. Ed. 1365,1947 U.S. LEXIS 2996,1946,1301,Vinson,755,McCULLOUGH v. KAMMERER CORPORATION ET AL.,8/4/1947,,177,,172"
"1946-091,1946-091-01,1946-091-01-01,1946-091-01-01-01,4/28/1947,1,331 U.S. 100,67 S. Ct. 1140,91 L. Ed. 1368,1947 U.S. LEXIS 2357,1946,1301,Vinson,682,""FLEMING, TEMPORARY CONTROLS ADMINISTRATOR, v. RHODES, SHERIFF, ET AL."",7/4/1947,,389,,195"
"1946-092,1946-092-01,1946-092-01-01,1946-092-01-01-01,4/28/1947,1,331 U.S. 111,67 S. Ct. 1129,91 L. Ed. 1375,1947 U.S. LEXIS 2851,1946,1301,Vinson,583,""FLEMING, TEMPORARY CONTROLS ADMINISTRATOR, v. MOHAWK WRECKING & LUMBER CO. ET AL."",1/4/1947,,389,,120"
"1946-093,1946-093-01,1946-093-01-01,1946-093-01-01-01,4/28/1947,1,331 U.S. 125,67 S. Ct. 1136,91 L. Ed. 1386,1947 U.S. LEXIS 2997,1946,1301,Vinson,680,""CHAMPION SPARK PLUG CO. v. SANDERS ET AL., DOING BUSINESS AS PERFECT RECONDITION SPARK PLUG CO."",2/4/1947,,184,,233"
"1946-094,1946-094-01,1946-094-01-01,1946-094-01-01-01,4/28/1947,1,331 U.S. 132,67 S. Ct. 1168,91 L. Ed. 1391,1947 U.S. LEXIS 2899,1946,1301,Vinson,467,AYRSHIRE COLLIERIES CORP. ET AL. v. UNITED STATES ET AL.,7/4/1947,,234,,27"
"1946-095,1946-095-01,1946-095-01-01,1946-095-01-01-01,5/5/1947,1,331 U.S. 145,67 S. Ct. 1098,91 L. Ed. 1399,1947 U.S. LEXIS 2936,1946,1301,Vinson,34,HARRIS v. UNITED STATES,12/12/1946,,100,,27"
"1946-096,1946-096-01,1946-096-01-01,1946-096-01-01-01,5/5/1947,1,331 U.S. 199,67 S. Ct. 1178,91 L. Ed. 1432,1947 U.S. LEXIS 2937,1946,1301,Vinson,497,149 MADISON AVENUE CORP. ET AL. v. ASSELTA ET AL.,11/2/1947,,151,,145"
"1946-097,1946-097-01,1946-097-01-01,1946-097-01-01-01,5/5/1947,1,331 U.S. 210,67 S. Ct. 1175,91 L. Ed. 1441,1947 U.S. LEXIS 2994,1946,1301,Vinson,674,COMMISSIONER OF INTERNAL REVENUE v. MUNTER,10/4/1947,,369,,240"
"1946-098,1946-098-01,1946-098-01-01,1946-098-01-01-01,5/5/1947,1,331 U.S. 218,67 S. Ct. 1146,91 L. Ed. 1447,1947 U.S. LEXIS 2938,1946,1301,Vinson,470,RICE ET AL. v. SANTA FE ELEVATOR CORP. ET AL.,2/13/1947,,195,,177"
"1946-099,1946-099-01,1946-099-01-01,1946-099-01-01-01,5/5/1947,1,331 U.S. 247,67 S. Ct. 1160,91 L. Ed. 1468,1947 U.S. LEXIS 2319,1946,1301,Vinson,471,RICE ET AL. v. BOARD OF TRADE OF THE CITY OF CHICAGO,2/14/1947,,195,,119"
"1946-100,1946-100-01,1946-100-01-01,1946-100-01-01-01,12/5/1947,1,331 U.S. 256,67 S. Ct. 1287,91 L. Ed. 1474,1947 U.S. LEXIS 2867,1946,1301,Vinson,429,UNITED STATES v. FULLARD-LEO ET AL.,12/2/1947,,27,,195"
"1946-101,1946-101-01,1946-101-01-01,1946-101-01-01-01,12/5/1947,1,331 U.S. 284,67 S. Ct. 1207,91 L. Ed. 1492,1947 U.S. LEXIS 2898,1946,1301,Vinson,343,NEW YORK ET AL. v. UNITED STATES ET AL.,3/3/1947,,28,37,27"
"1946-102,1946-102-01,1946-102-01-01,1946-102-01-01-01,5/19/1947,1,331 U.S. 367,67 S. Ct. 1249,91 L. Ed. 1546,1947 U.S. LEXIS 2266,1946,1301,Vinson,241,""CRAIG ET AL. v. HARNEY, SHERIFF"",9/1/1947,,220,,28"
"1946-103,1946-103-01,1946-103-01-01,1946-103-01-01-01,5/19/1947,1,331 U.S. 398,67 S. Ct. 1265,91 L. Ed. 1563,1947 U.S. LEXIS 2850,1946,1301,Vinson,419,NATIONAL LABOR RELATIONS BOARD v. E. C. ATKINS & CO.,7/3/1947,,382,,151"
"1946-104,1946-104-01,1946-104-01-01,1946-104-01-01-01,5/19/1947,1,331 U.S. 416,67 S. Ct. 1274,91 L. Ed. 1575,1947 U.S. LEXIS 2933,1946,1301,Vinson,418,NATIONAL LABOR RELATIONS BOARD v. JONES & LAUGHLIN STEEL CORP.,7/3/1947,,382,,151"
"1946-105,1946-105-01,1946-105-01-01,1946-105-01-01-01,5/19/1947,1,331 U.S. 432,67 S. Ct. 1283,91 L. Ed. 1585,1947 U.S. LEXIS 2267,1946,1301,Vinson,718,""UNITED STATES v. WALSH, TRADING AS KELP LABORATORIES"",4/29/1947,,27,,143"
"1946-106,1946-106-01,1946-106-01-01,1946-106-01-01-01,2/6/1947,1,331 U.S. 461,67 S. Ct. 1340,91 L. Ed. 1602,1947 U.S. LEXIS 2849,1946,1301,Vinson,593,""COPE v. ANDERSON, RECEIVER"",4/28/1947,,237,,135"
"1946-107,1946-107-01,1946-107-01-01,1946-107-01-01-01,2/6/1947,1,331 U.S. 469,67 S. Ct. 1330,91 L. Ed. 1610,1947 U.S. LEXIS 2202,1946,1301,Vinson,498,""UNITED STATES v. SMITH, U.S. DISTRICT JUDGE, ET AL."",11/3/1947,,27,,16"
"1946-108,1946-108-01,1946-108-01-01,1946-108-01-01-01,2/6/1947,1,331 U.S. 477,67 S. Ct. 1334,91 L. Ed. 1615,1947 U.S. LEXIS 2203,1946,1301,Vinson,367,MYERS v. READING COMPANY,6/2/1947,,145,,231"
"1946-109,1946-109-01,1946-109-01-01,1946-109-01-01-01,9/6/1947,1,331 U.S. 486,67 S. Ct. 1400,91 L. Ed. 1621,1947 U.S. LEXIS 2878,1946,1301,Vinson,461,""GREENOUGH ET AL., TRUSTEES, v. TAX ASSESSORS OF NEWPORT ET AL."",7/3/1947,,25,47,3"
"1946-110,1946-110-01,1946-110-01-01,1946-110-01-01-01,9/6/1947,1,331 U.S. 503,67 S. Ct. 1431,91 L. Ed. 1633,1947 U.S. LEXIS 2157,1946,1301,Vinson,626,""CLARK, ATTORNEY GENERAL, AS SUCCESSOR TO THE ALIEN PROPERTY CUSTODIAN, v. ALLEN ET AL."",11/4/1947,,1,,166"
"1946-111,1946-111-01,1946-111-01-01,1946-111-01-01-01,9/6/1947,1,331 U.S. 519,67 S. Ct. 1387,91 L. Ed. 1646,1947 U.S. LEXIS 2891,1946,1301,Vinson,970,BROTHERHOOD OF RAILROAD TRAINMEN v. BALTIMORE & OHIO RAILROAD CO. ET AL.,6/5/1947,,249,,231"
"1946-112,1946-112-01,1946-112-01-01,1946-112-01-01-01,9/6/1947,1,331 U.S. 532,67 S. Ct. 1394,91 L. Ed. 1654,1947 U.S. LEXIS 2158,1946,1301,Vinson,606,UNITED STATES v. BAYER ET AL.,2/4/1947,,27,,100"
"1946-113,1946-113-01,1946-113-01-01,1946-113-01-01-01,9/6/1947,1,331 U.S. 543,67 S. Ct. 1428,91 L. Ed. 1662,1947 U.S. LEXIS 2159,1946,1301,Vinson,103,GOSPEL ARMY v. LOS ANGELES ET AL.,6/2/1947,,130,,3"
"1946-114,1946-114-01,1946-114-01-01,1946-114-01-01-01,9/6/1947,1,331 U.S. 549,67 S. Ct. 1409,91 L. Ed. 1666,1947 U.S. LEXIS 2160,1946,1301,Vinson,574,RESCUE ARMY ET AL. v. MUNICIPAL COURT OF LOS ANGELES,6/2/1947,,130,,6"
"1946-115,1946-115-01,1946-115-01-01,1946-115-01-01-01,9/6/1947,1,331 U.S. 586,67 S. Ct. 1355,91 L. Ed. 1687,1947 U.S. LEXIS 2161,1946,1301,Vinson,32,ORDER OF UNITED COMMERCIAL TRAVELERS OF AMERICA v. WOLFE,2/28/1946,12/11/1946,171,,166"
"1946-116,1946-116-01,1946-116-01-01,1946-116-01-01-01,6/16/1947,1,331 U.S. 642,67 S. Ct. 1443,91 L. Ed. 1718,1947 U.S. LEXIS 2848,1946,1301,Vinson,850,""WILLIAMS ET AL. v. AUSTRIAN ET AL., TRUSTEES"",10/4/1947,,185,,114"
"1946-117,1946-117-01,1946-117-01-01,1946-117-01-01-01,6/16/1947,1,331 U.S. 682,67 S. Ct. 1482,91 L. Ed. 1742,1947 U.S. LEXIS 2877,1946,1301,Vinson,733,""INTERSTATE NATURAL GAS CO., INC. v. FEDERAL POWER COMMISSION et al."",2/5/1947,,148,,352"
"1946-118,1946-118-01,1946-118-01-01,1946-118-01-01-01,6/16/1947,1,331 U.S. 694,67 S. Ct. 1477,91 L. Ed. 1750,1947 U.S. LEXIS 2989,1946,1301,Vinson,945,McWILLIAMS v. COMMISSIONER OF INTERNAL REVENUE,8/5/1947,,240,,369"
"1946-119,1946-119-01,1946-119-01-01,1946-119-01-01-01,6/16/1947,1,331 U.S. 704,67 S. Ct. 1463,91 L. Ed. 1757,1947 U.S. LEXIS 2847,1946,1301,Vinson,312,""UNITED STATES v. SILK, DOING BUSINESS AS ALBERT SILK COAL CO."",10/3/1947,,27,,240"
"1946-120,1946-120-01,1946-120-01-01,1946-120-01-01-01,6/16/1947,1,331 U.S. 722,67 S. Ct. 1473,91 L. Ed. 1772,1947 U.S. LEXIS 2926,1946,1301,Vinson,562,""RUTHERFORD FOOD CORP. ET AL. v. McCOMB, WAGE AND HOUR ADMINISTRATOR"",9/4/1947,,151,,371"
"1946-121,1946-121-01,1946-121-01-01,1946-121-01-01-01,6/16/1947,1,331 U.S. 731,67 S. Ct. 1440,91 L. Ed. 1779,1947 U.S. LEXIS 2896,1946,1301,Vinson,404,""MEXICAN LIGHT & POWER CO., LTD. v. TEXAS MEXICAN RAILWAY CO."",6/2/1947,,123,,231"
"1946-122,1946-122-01,1946-122-01-01,1946-122-01-01-01,6/16/1947,1,331 U.S. 737,67 S. Ct. 1489,91 L. Ed. 1782,1947 U.S. LEXIS 2073,1946,1301,Vinson,287,BAZLEY v. COMMISSIONER OF INTERNAL REVENUE,9/1/1947,,240,,369"
"1946-123,1946-123-01,1946-123-01-01,1946-123-01-01-01,6/16/1947,1,331 U.S. 745,67 S. Ct. 1382,91 L. Ed. 1789,1947 U.S. LEXIS 2857,1946,1301,Vinson,77,UNITED STATES v. DICKINSON,12/13/1946,,27,,195"
"1946-124,1946-124-01,1946-124-01-01,1946-124-01-01-01,6/16/1947,1,331 U.S. 752,67 S. Ct. 1493,91 L. Ed. 1796,1947 U.S. LEXIS 2858,1946,1301,Vinson,95,AIRCRAFT & DIESEL EQUIPMENT CORP. v. HIRSCH ET AL.,1/15/1947,,176,,324"
"1946-125,1946-125-01,1946-125-01-01,1946-125-01-01-01,6/23/1947,1,332 U.S. 1,67 S. Ct. 1538,91 L. Ed. 1877,1947 U.S. LEXIS 2923,1946,1301,Vinson,954,UNITED STATES v. PETRILLO,5/5/1947,,27,,100"
"1946-126,1946-126-01,1946-126-01-01,1946-126-01-01-01,6/23/1947,1,332 U.S. 46,67 S. Ct. 1672,91 L. Ed. 1903,1947 U.S. LEXIS 2876,1946,1301,Vinson,102,ADAMSON v. CALIFORNIA,1/15/1947,,100,,28"
"1946-127,1946-127-01,1946-127-01-01,1946-127-01-01-01,6/23/1947,1,332 U.S. 126,67 S. Ct. 1547,91 L. Ed. 1947,1947 U.S. LEXIS 2987,1946,1301,Vinson,731,""BARTELS ET AL., DOING BUSINESS AS CRYSTAL BALLROOM, v. BIRMINGHAM, COLLECTOR OF INTERNAL REVENUE, ET AL."",3/4/1947,,240,,369"
"1946-128,1946-128-01,1946-128-01-01,1946-128-01-01-01,6/23/1947,1,332 U.S. 134,67 S. Ct. 1716,91 L. Ed. 1955,1947 U.S. LEXIS 2025,1946,1301,Vinson,540,FOSTER et al. v. ILLINOIS,8/5/1947,,126,,28"
"1946-129,1946-129-01,1946-129-01-01,1946-129-01-01-01,6/23/1947,7,332 U.S. 145,67 S. Ct. 1711,91 L. Ed. 1962,1947 U.S. LEXIS 2026,1946,1301,Vinson,405,GAYES v. NEW YORK,2/5/1947,,100,,28"
"1946-130,1946-130-01,1946-130-01-01,1946-130-01-01-01,6/23/1947,1,332 U.S. 155,67 S. Ct. 1569,91 L. Ed. 1968,1947 U.S. LEXIS 2845,1946,1301,Vinson,625,""CALDAROLA v. ECKERT ET AL., DOING BUSINESS AS THOR ECKERT & CO."",3/31/1947,,145,,102"
"1946-131,1946-131-01,1946-131-01-01,1946-131-01-01-01,6/23/1947,1,332 U.S. 168,67 S. Ct. 1584,91 L. Ed. 1977,1947 U.S. LEXIS 2027,1946,1301,Vinson,385,""ATLANTIC COAST LINE RAILROAD CO. v. PHILLIPS, STATE REVENUE COMMISSIONER"",9/4/1947,,25,13,19"
"1946-132,1946-132-01,1946-132-01-01,1946-132-01-01-01,6/23/1947,1,332 U.S. 174,67 S. Ct. 1588,91 L. Ed. 1982,1947 U.S. LEXIS 2028,1946,1301,Vinson,535,""SUNAL v. LARGE, SUPERINTENDENT, FEDERAL PRISON CAMP"",1/4/1947,,142,,27"
"1946-133,1946-133-01,1946-133-01-01,1946-133-01-01-01,6/23/1947,1,332 U.S. 194,67 S. Ct. 1575,91 L. Ed. 1995,1947 U.S. LEXIS 2988,1946,1301,Vinson,81,SECURITIES & EXCHANGE COMMISSION v. CHENERY CORPORATION ET AL.,12/13/1946,,405,,185"
"1946-134,1946-134-01,1946-134-01-01,1946-134-01-01-01,6/23/1947,1,332 U.S. 218,67 S. Ct. 1560,91 L. Ed. 2010,1947 U.S. LEXIS 2029,1946,1301,Vinson,1035,UNITED STATES v. YELLOW CAB CO. et al.,7/5/1947,,27,,121"
"1946-135,1946-135-01,1946-135-01-01,1946-135-01-01-01,6/23/1947,1,332 U.S. 234,67 S. Ct. 1599,91 L. Ed. 2022,1947 U.S. LEXIS 2846,1946,1301,Vinson,847,""UNITED STATES v. MUNSEY TRUST CO., RECEIVER"",6/5/1947,,27,,176"
"1946-136,1946-136-01,1946-136-01-01,1946-136-01-01-01,6/23/1947,1,332 U.S. 245,67 S. Ct. 1552,91 L. Ed. 2030,1947 U.S. LEXIS 2881,1946,1301,Vinson,687,""FAHEY, FEDERAL HOME LOAN BANK COMMISSIONER, ET AL. v. MALLONEE ET AL."",4/30/1947,,346,,113"
"1946-137,1946-137-01,1946-137-01-01,1946-137-01-01-01,6/23/1947,1,332 U.S. 258,67 S. Ct. 1558,91 L. Ed. 2041,1947 U.S. LEXIS 2882,1946,1301,Vinson,133M,""EX PARTE FAHEY, FEDERAL HOME LOAN BANK COMMISSIONER, ET AL."",4/30/1947,,346,,16"
"1946-138,1946-138-01,1946-138-01-01,1946-138-01-01-01,6/23/1947,1,332 U.S. 261,67 S. Ct. 1613,91 L. Ed. 2043,1947 U.S. LEXIS 2924,1946,1301,Vinson,377,FAY v. NEW YORK,3/4/1947,,100,,28"
"1946-139,1946-139-01,1946-139-01-01,1946-139-01-01-01,6/23/1947,1,332 U.S. 301,67 S. Ct. 1604,91 L. Ed. 2067,1947 U.S. LEXIS 2030,1946,1301,Vinson,235,UNITED STATES v. STANDARD OIL COMPANY OF CALIFORNIA ET AL.,8/4/1947,,27,,198"
"1946-140,1946-140-01,1946-140-01-01,1946-140-01-01-01,6/23/1947,1,332 U.S. 319,67 S. Ct. 1634,91 L. Ed. 2077,1947 U.S. LEXIS 2925,1946,1301,Vinson,89,UNITED STATES v. NATIONAL LEAD CO. ET AL.,3/2/1947,,27,,184"
"1946-143,1946-143-01,1946-143-01-01,1946-143-01-01-01,6/23/1947,1,332 U.S. 19,67 S. Ct. 1658,91 L. Ed. 1889,1947 U.S. LEXIS 2865,1946,1301,Vinson,12,UNITED STATES v. CALIFORNIA,3/13/1947,,27,,28"
"1946-144,1946-144-01,1946-144-01-01,1946-144-01-01-01,3/31/1947,5,330 U.S. 806,67 S. Ct. 1078,91 L. Ed. 1263,1947 U.S. LEXIS 2475,1946,1301,Vinson,253,UNITED STATES v. PULLMAN COMPANY et al.,11/3/1947,,27,,501"
"1947-001,1947-001-01,1947-001-01-01,1947-001-01-01-01,10/11/1947,1,332 U.S. 371,68 S. Ct. 5,92 L. Ed. 2d 3,1947 U.S. LEXIS 1643,1947,1301,Vinson,58,RODGERS v. UNITED STATES,10/16/1947,,152,,27"
"1947-002,1947-002-01,1947-002-01-01,1947-002-01-01-01,10/11/1947,1,332 U.S. 380,68 S. Ct. 1,92 L. Ed. 2d 10,1947 U.S. LEXIS 2856,1947,1301,Vinson,45,""FEDERAL CROP INSURANCE CORP. v. MERRILL ET AL., DOING BUSINESS AS MERRILL BROS."",10/16/1947,,304,,152"
"1947-003,1947-003-01,1947-003-01-01,1947-003-01-01-01,10/11/1947,1,332 U.S. 388,68 S. Ct. 10,92 L. Ed. 2d 17,1947 U.S. LEXIS 1644,1947,1301,Vinson,63,""DELGADILLO v. CARMICHAEL, DISTRICT DIRECTOR, IMMIGRATION AND NATURALIZATION SERVICE"",10/22/1947,,106,,368"
"1947-004,1947-004-01,1947-004-01-01,1947-004-01-01-01,10/11/1947,1,332 U.S. 392,68 S. Ct. 12,92 L. Ed. 2d 20,1947 U.S. LEXIS 2979,1947,1301,Vinson,46,""INTERNATIONAL SALT CO., INC. v. UNITED STATES"",10/16/1947,,172,,27"
"1947-005,1947-005-01,1947-005-01-01,1947-005-01-01-01,11/17/1947,1,332 U.S. 407,68 S. Ct. 123,92 L. Ed. 2d 32,1947 U.S. LEXIS 2855,1947,1301,Vinson,16,""PRIEBE & SONS, INC. v. UNITED STATES"",10/13/1947,,176,,27"
"1947-006,1947-006-01,1947-006-01-01,1947-006-01-01-01,11/17/1947,1,332 U.S. 422,68 S. Ct. 131,92 L. Ed. 2d 44,1947 U.S. LEXIS 2890,1947,1301,Vinson,7,""MORRIS v. McCOMB, WAGE AND HOUR ADMINISTRATOR"",10/13/1947,,151,,371"
"1947-007,1947-007-01,1947-007-01-01,1947-007-01-01-01,11/24/1947,7,332 U.S. 442,68 S. Ct. 115,92 L. Ed. 2d 59,1947 U.S. LEXIS 1586,1947,1301,Vinson,66,COX v. UNITED STATES,10/14/1947,,142,,27"
"1947-008,1947-008-01,1947-008-01-01,1947-008-01-01-01,11/24/1947,2,332 U.S. 459,68 S. Ct. 140,92 L. Ed. 2d 73,1947 U.S. LEXIS 1587,1947,1301,Vinson,206,""LILLIE v. THOMPSON, TRUSTEE"",,,154,,231"
"1947-009,1947-009-01,1947-009-01-01,1947-009-01-01-01,8/12/1947,1,332 U.S. 463,68 S. Ct. 184,92 L. Ed. 2d 76,1947 U.S. LEXIS 1545,1947,1301,Vinson,122,PATTON v. MISSISSIPPI,11/21/1947,,100,,28"
"1947-010,1947-010-01,1947-010-01-01,1947-010-01-01-01,8/12/1947,1,332 U.S. 469,68 S. Ct. 179,92 L. Ed. 2d 81,1947 U.S. LEXIS 2905,1947,1301,Vinson,6,""SILESIAN-AMERICAN CORP. ET AL. v. CLARK, ATTORNEY GENERAL, AS SUCCESSOR TO THE ALIEN PROPERTY CUSTODIAN"",1/5/1947,12/11/1947,138,,305"
"1947-011,1947-011-01,1947-011-01-01,1947-011-01-01-01,8/12/1947,1,332 U.S. 480,68 S. Ct. 174,92 L. Ed. 2d 88,1947 U.S. LEXIS 1546,1947,1301,Vinson,35,""CLARK, ATTORNEY GENERAL, AS SUCCESSOR TO THE ALIEN PROPERTY CUSTODIAN, v. UEBERSEE FINANZ-KORPORATION, A. G."",1/5/1947,12/11/1947,305,,159"
"1947-012,1947-012-01,1947-012-01-01,1947-012-01-01-01,8/12/1947,1,332 U.S. 490,68 S. Ct. 188,92 L. Ed. 2d 95,1947 U.S. LEXIS 1547,1947,1301,Vinson,47,""WILLIAMS ET AL. v. FANNING, POSTMASTER OF LOS ANGELES"",10/22/1947,,165,,412"
"1947-013,1947-013-01,1947-013-01-01,1947-013-01-01-01,8/12/1947,1,332 U.S. 495,68 S. Ct. 167,92 L. Ed. 2d 99,1947 U.S. LEXIS 2895,1947,1301,Vinson,39,AERO MAYFLOWER TRANSIT CO. v. BOARD OF RAILROAD COMMISSIONERS OF MONTANA ET AL.,10/15/1947,,245,,4"
"1947-014,1947-014-01,1947-014-01-01,1947-014-01-01-01,12/15/1947,1,332 U.S. 507,68 S. Ct. 190,92 L. Ed. 2d 128,1947 U.S. LEXIS 2875,1947,1301,Vinson,69,PANHANDLE EASTERN PIPE LINE CO. v. PUBLIC SERVICE COMMISSION OF INDIANA ET AL.,11/14/1947,,209,,4"
"1947-015,1947-015-01,1947-015-01-01,1947-015-01-01-01,12/22/1947,1,332 U.S. 524,68 S. Ct. 229,92 L. Ed. 2d 142,1947 U.S. LEXIS 2977,1947,1301,Vinson,71,""JONES, COLLECTOR OF INTERNAL REVENUE, v. LIBERTY GLASS CO."",11/17/1947,,369,,240"
"1947-016,1947-016-01,1947-016-01-01,1947-016-01-01-01,12/22/1947,1,332 U.S. 535,68 S. Ct. 235,92 L. Ed. 2d 150,1947 U.S. LEXIS 2978,1947,1301,Vinson,70,""KAVANAGH, COLLECTOR OF INTERNAL REVENUE, v. NOBLE"",11/18/1947,,369,,240"
"1947-017,1947-017-01,1947-017-01-01,1947-017-01-01-01,12/22/1947,1,332 U.S. 539,68 S. Ct. 248,92 L. Ed. 2d 154,1947 U.S. LEXIS 1512,1947,1301,Vinson,54,BLUMENTHAL v. UNITED STATES,10/23/1947,,105,,27"
"1947-018,1947-018-01,1947-018-01-01,1947-018-01-01-01,12/22/1947,2,332 U.S. 561,68 S. Ct. 240,92 L. Ed. 2d 170,1947 U.S. LEXIS 1513,1947,1301,Vinson,93,""MARINO v. RAGEN, WARDEN"",,,126,,28"
"1947-019,1947-019-01,1947-019-01-01,1947-019-01-01-01,5/1/1948,1,332 U.S. 571,68 S. Ct. 246,92 L. Ed. 2d 177,1948 U.S. LEXIS 2665,1947,1301,Vinson,205,""GLOBE LIQUOR CO., INC. v. SAN ROMAN ET AL., DOING BUSINESS AS INTERNATIONAL INDUSTRIES"",12/17/1947,,123,,233"
"1947-020,1947-020-01,1947-020-01-01,1947-020-01-01-01,5/1/1948,1,332 U.S. 575,68 S. Ct. 237,92 L. Ed. 2d 180,1948 U.S. LEXIS 2666,1947,1301,Vinson,174,SEALFON v. UNITED STATES,11/12/1947,,100,,27"
"1947-021,1947-021-01,1947-021-01-01,1947-021-01-01-01,5/1/1948,1,332 U.S. 581,68 S. Ct. 222,92 L. Ed. 2d 210,1948 U.S. LEXIS 2667,1947,1301,Vinson,61,UNITED STATES v. Di RE,10/17/1947,,27,,100"
"1947-022,1947-022-01,1947-022-01-01,1947-022-01-01-01,12/1/1948,7,332 U.S. 596,68 S. Ct. 302,92 L. Ed. 2d 224,1948 U.S. LEXIS 2643,1947,1301,Vinson,51,HALEY v. OHIO,11/17/1947,,100,,28"
"1947-023,1947-023-01,1947-023-01-01,1947-023-01-01-01,12/1/1948,1,332 U.S. 625,68 S. Ct. 296,92 L. Ed. 2d 242,1948 U.S. LEXIS 2644,1947,1301,Vinson,331,CALLEN v. PENNSYLVANIA RAILROAD CO.,12/18/1947,,145,,231"
"1947-024,1947-024-01,1947-024-01-01,1947-024-01-01-01,12/1/1948,6,332 U.S. 631,68 S. Ct. 299,92 L. Ed. 2d 247,1948 U.S. LEXIS 2645,1947,1301,Vinson,369,SIPUEL v. BOARD OF REGENTS OF THE UNIVERSITY OF OKLAHOMA et al.,7/1/1948,,224,,26"
"1947-025,1947-025-01,1947-025-01-01,1947-025-01-01-01,1/19/1948,1,332 U.S. 633,68 S. Ct. 269,92 L. Ed. 2d 249,1948 U.S. LEXIS 2773,1947,1301,Vinson,44,OYAMA et al. v. CALIFORNIA,10/22/1947,,222,,28"
"1947-026,1947-026-01,1947-026-01-01,1947-026-01-01-01,1/19/1948,1,332 U.S. 689,68 S. Ct. 331,92 L. Ed. 2d 297,1948 U.S. LEXIS 2617,1947,1301,Vinson,121,""UNITED STATES v. SULLIVAN, TRADING AS SULLIVAN'S PHARMACY"",9/12/1947,,27,,144"
"1947-027,1947-027-01,1947-027-01-01,1947-027-01-01-01,1/19/1948,7,332 U.S. 708,68 S. Ct. 316,92 L. Ed. 2d 309,1948 U.S. LEXIS 2618,1947,1301,Vinson,73,""VON MOLTKE v. GILLIES, SUPERINTENDENT OF THE DETROIT HOUSE OF CORRECTION"",11/20/1947,,126,,27"
"1947-028,1947-028-01,1947-028-01-01,1947-028-01-01-01,1/19/1948,1,332 U.S. 742,68 S. Ct. 300,92 L. Ed. 2d 330,1948 U.S. LEXIS 2619,1947,1301,Vinson,91,LEE v. MISSISSIPPI,11/21/1947,,100,,28"
"1947-029,1947-029-01,1947-029-01-01,1947-029-01-01-01,2/2/1948,1,333 U.S. 1,68 S. Ct. 371,92 L. Ed. 2d 429,1948 U.S. LEXIS 2581,1947,1301,Vinson,362,LE MAISTRE v. LEFFERS ET AL.,7/1/1948,,186,,19"
"1947-030,1947-030-01,1947-030-01-01,1947-030-01-01-01,2/2/1948,1,333 U.S. 6,68 S. Ct. 374,92 L. Ed. 2d 433,1948 U.S. LEXIS 2582,1947,1301,Vinson,370,""FONG HAW TAN v. PHELAN, ACTING DISTRICT DIRECTOR, IMMIGRATION AND NATURALIZATION SERVICE"",8/1/1948,,106,,368"
"1947-031,1947-031-01,1947-031-01-01,1947-031-01-01-01,2/2/1948,1,333 U.S. 10,68 S. Ct. 367,92 L. Ed. 2d 436,1948 U.S. LEXIS 2583,1947,1301,Vinson,329,JOHNSON v. UNITED STATES,12/18/1947,,137,,27"
"1947-032,1947-032-01,1947-032-01-01,1947-032-01-01-01,2/2/1948,1,333 U.S. 18,68 S. Ct. 376,92 L. Ed. 2d 442,1948 U.S. LEXIS 2584,1947,1301,Vinson,100,UNITED STATES v. BROWN,5/1/1948,,27,,215"
"1947-033,1947-033-01,1947-033-01-01,1947-033-01-01-01,2/2/1948,1,333 U.S. 28,68 S. Ct. 358,92 L. Ed. 2d 455,1948 U.S. LEXIS 2721,1947,1301,Vinson,374,BOB-LO EXCURSION CO. v. MICHIGAN,12/16/1947,,116,,28"
"1947-034,1947-034-01,1947-034-01-01,1947-034-01-01-01,9/2/1948,1,333 U.S. 46,68 S. Ct. 391,92 L. Ed. 2d 468,1948 U.S. LEXIS 2719,1947,1301,Vinson,138,JOHNSON v. UNITED STATES,10/12/1947,,145,,27"
"1947-035,1947-035-01,1947-035-01-01,1947-035-01-01-01,9/2/1948,1,333 U.S. 56,68 S. Ct. 401,92 L. Ed. 2d 476,1948 U.S. LEXIS 2711,1947,1301,Vinson,38,""MAGGIO v. ZEITZ, TRUSTEE IN BANKRUPTCY"",10/13/1947,,185,,114"
"1947-036,1947-036-01,1947-036-01-01,1947-036-01-01-01,9/2/1948,1,333 U.S. 95,68 S. Ct. 397,92 L. Ed. 2d 562,1948 U.S. LEXIS 2557,1947,1301,Vinson,60,MUSSER ET AL. v. UTAH,10/11/1947,5/1/1948,137,,28"
"1947-037,1947-037-01,1947-037-01-01,1947-037-01-01-01,9/2/1948,1,333 U.S. 103,68 S. Ct. 431,92 L. Ed. 2d 568,1948 U.S. LEXIS 2720,1947,1301,Vinson,78,""CHICAGO & SOUTHERN AIR LINES, INC. v. WATERMAN STEAMSHIP CORP."",11/19/1947,,104,,104"
"1947-038,1947-038-01,1947-038-01-01,1947-038-01-01-01,2/16/1948,1,333 U.S. 118,68 S. Ct. 426,92 L. Ed. 2d 580,1948 U.S. LEXIS 2739,1947,1301,Vinson,390,""SEABOARD AIR LINE RAILROAD CO. v. DANIEL, ATTORNEY GENERAL, ET AL."",8/1/1948,,231,,19"
"1947-039,1947-039-01,1947-039-01-01,1947-039-01-01-01,2/16/1948,1,333 U.S. 127,68 S. Ct. 440,92 L. Ed. 2d 588,1948 U.S. LEXIS 2842,1947,1301,Vinson,280,FUNK BROTHERS SEED CO. v. KALO INOCULANT CO.,1/13/1948,,158,,172"
"1947-040,1947-040-01,1947-040-01-01,1947-040-01-01-01,2/16/1948,1,333 U.S. 138,68 S. Ct. 421,92 L. Ed. 2d 596,1948 U.S. LEXIS 2530,1947,1301,Vinson,486,""WOODS, HOUSING EXPEDITER, v. CLOYD W. MILLER CO. ET AL."",6/2/1948,,19,60,195"
"1947-041,1947-041-01,1947-041-01-01,1947-041-01-01-01,2/16/1948,6,333 U.S. 147,68 S. Ct. 389,92 L. Ed. 2d 604,1948 U.S. LEXIS 2531,1947,1301,Vinson,325M,""FISHER v. HURST, CHIEF JUSTICE, ET AL."",1/30/1948,,224,,16"
"1947-042,1947-042-01,1947-042-01-01,1947-042-01-01-01,8/3/1948,1,333 U.S. 153,68 S. Ct. 488,92 L. Ed. 2d 608,1948 U.S. LEXIS 2448,1947,1301,Vinson,171,KING v. ORDER OF UNITED COMMERCIAL TRAVELERS OF AMERICA,10/12/1947,,166,,171"
"1947-043,1947-043-01,1947-043-01-01,1947-043-01-01-01,8/3/1948,1,333 U.S. 163,68 S. Ct. 587,92 L. Ed. 2d 614,1948 U.S. LEXIS 2449,1947,1301,Vinson,214,""SUTTLE, ADMINISTRATRIX, v. REICH BROS. CONSTRUCTION CO. ET AL."",12/18/1947,,208,,120"
"1947-044,1947-044-01,1947-044-01-01,1947-044-01-01-01,8/3/1948,1,333 U.S. 169,68 S. Ct. 494,92 L. Ed. 2d 618,1948 U.S. LEXIS 2738,1947,1301,Vinson,223,UNITED STATES ET AL. v. BALTIMORE & OHIO RAILROAD CO. ET AL.,3/2/1948,,27,,231"
"1947-045,1947-045-01,1947-045-01-01,1947-045-01-01-01,8/3/1948,1,333 U.S. 178,68 S. Ct. 591,92 L. Ed. 2d 628,1948 U.S. LEXIS 2450,1947,1301,Vinson,50,""DONALDSON, POSTMASTER GENERAL, v. READ MAGAZINE, INC. ET AL."",10/24/1947,5/1/1948,412,,178"
"1947-046,1947-046-01,1947-046-01-01,1947-046-01-01-01,8/3/1948,1,333 U.S. 196,68 S. Ct. 514,92 L. Ed. 2d 644,1948 U.S. LEXIS 2789,1947,1301,Vinson,373,COLE ET AL. v. ARKANSAS,4/2/1948,,126,,28"
"1947-047,1947-047-01,1947-047-01-01,1947-047-01-01-01,8/3/1948,1,333 U.S. 203,68 S. Ct. 461,92 L. Ed. 2d 649,1948 U.S. LEXIS 2451,1947,1301,Vinson,90,""ILLINOIS EX REL. McCOLLUM v. BOARD OF EDUCATION OF SCHOOL DISTRICT NO. 71, CHAMPAIGN COUNTY, ILLINOIS, ET AL."",8/12/1947,,202,,21"
"1947-048,1947-048-01,1947-048-01-01,1947-048-01-01-01,8/3/1948,1,333 U.S. 257,68 S. Ct. 499,92 L. Ed. 2d 682,1948 U.S. LEXIS 2452,1947,1301,Vinson,215,IN RE OLIVER,12/16/1947,,100,,16"
"1947-049,1947-049-01,1947-049-01-01,1947-049-01-01-01,8/3/1948,1,333 U.S. 287,68 S. Ct. 550,92 L. Ed. 2d 701,1948 U.S. LEXIS 2732,1947,1301,Vinson,8,UNITED STATES v. LINE MATERIAL CO. ET AL.,4/29/1947,12/11/1947,27,,184"
"1947-050,1947-050-01,1947-050-01-01,1947-050-01-01-01,8/3/1948,1,333 U.S. 364,68 S. Ct. 525,92 L. Ed. 2d 746,1948 U.S. LEXIS 2846,1947,1301,Vinson,13,UNITED STATES v. UNITED STATES GYPSUM CO. ET AL.,11/13/1947,,27,,184"
"1947-051,1947-051-01,1947-051-01-01,1947-051-01-01-01,8/3/1948,1,333 U.S. 411,68 S. Ct. 518,92 L. Ed. 2d 774,1948 U.S. LEXIS 2453,1947,1301,Vinson,130,""MITCHELL ET AL., MEMBERS OF THE CIVIL SERVICE COMMISSION, v. COHEN"",6/1/1948,,320,,250"
"1947-052,1947-052-01,1947-052-01-01,1947-052-01-01-01,8/3/1948,6,333 U.S. 424,68 S. Ct. 487,92 L. Ed. 2d 783,1948 U.S. LEXIS 2454,1947,1301,Vinson,48,MOGALL v. UNITED STATES,10/16/1947,,151,,27"
"1947-053,1947-053-01,1947-053-01-01,1947-053-01-01-01,3/15/1948,1,333 U.S. 426,68 S. Ct. 641,92 L. Ed. 2d 784,1948 U.S. LEXIS 2710,1947,1301,Vinson,101,""ECCLES ET AL. v. PEOPLES BANK OF LAKEWOOD VILLAGE, CALIFORNIA"",9/12/1947,,354,,113"
"1947-054,1947-054-01,1947-054-01-01,1947-054-01-01-01,3/15/1948,1,333 U.S. 437,68 S. Ct. 630,92 L. Ed. 2d 792,1948 U.S. LEXIS 2770,1947,1301,Vinson,225,""BAKERY SALES DRIVERS LOCAL UNION NO. 33 ET AL. v. WAGSHAL, TRADING AS WAGSHAL'S DELICATESSEN"",12/17/1947,,249,,228"
"1947-055,1947-055-01,1947-055-01-01,1947-055-01-01-01,3/15/1948,1,333 U.S. 445,68 S. Ct. 611,92 L. Ed. 2d 798,1948 U.S. LEXIS 2408,1947,1301,Vinson,400,FRANCIS ET AL. v. SOUTHERN PACIFIC CO.,5/2/1948,,208,,231"
"1947-056,1947-056-01,1947-056-01-01,1947-056-01-01-01,3/15/1948,1,333 U.S. 472,68 S. Ct. 624,92 L. Ed. 2d 815,1948 U.S. LEXIS 2837,1947,1301,Vinson,392,""WOODS, HOUSING EXPEDITER, v. STONE"",4/2/1948,,19,60,195"
"1947-057,1947-057-01,1947-057-01-01,1947-057-01-01-01,3/15/1948,1,333 U.S. 483,68 S. Ct. 634,92 L. Ed. 2d 823,1948 U.S. LEXIS 2409,1947,1301,Vinson,15,UNITED STATES v. EVANS,3/2/1948,,27,,100"
